Document	psif	fatcat_sentence	prediction	ground_truth	fatcat_sentence_index
Used an lb hammer days ago and pain throughout the day.	nonsif	The gate of the entrance came loose and fell over the worker a security guard that was opening it.	0.05922522395849228	0	4765
Relates to bending pushing and pulling carts full of parts.	nonsif	The gate of the entrance came loose and fell over the worker a security guard that was opening it.	0.05963023006916046	0	4765
Went out side to got some fresh air and started to feel better.	nonsif	The gate of the entrance came loose and fell over the worker a security guard that was opening it.	0.061196599155664444	0	4765
There was a strong smell from the acid and the noise was loud.	nonsif	The gate of the entrance came loose and fell over the worker a security guard that was opening it.	0.0558023564517498	0	4765
Leadership safety deviations.	nonsif	The gate of the entrance came loose and fell over the worker a security guard that was opening it.	0.0588064081966877	0	4765
Conducting Pre lift meeting before the critical lift.	nonsif	Worker fell from roof elevation.	0.0627063661813736	0	5069
Contacted allergic reaction from the Resin.	nonsif	The gate of the entrance came loose and fell over the worker a security guard that was opening it.	0.06198832765221596	0	4765
Opening cardboard boxes shipping receiving.	nonsif	Worker installing heavy overhead door was hit when the door fell.	0.0717746764421463	0	1180
The first hole has been filled but it is getting worse.	nonsif	The gate of the entrance came loose and fell over the worker a security guard that was opening it.	0.05682710185647011	0	4765
Production associate received a small cut on right thumb while handling a part.	nonsif	The gate of the entrance came loose and fell over the worker a security guard that was opening it.	0.05629358068108559	0	4765
A pneumatic tool is used to ratchet the doors open.	nonsif	The gate of the entrance came loose and fell over the worker a security guard that was opening it.	0.07079481333494186	0	4765
The primary failures that have been initially identified are as follows.	nonsif	The gate of the entrance came loose and fell over the worker a security guard that was opening it.	0.05633416026830673	0	4765
Employee reported incident within hours.	nonsif	The gate of the entrance came loose and fell over the worker a security guard that was opening it.	0.05518080294132233	0	4765
Upon observation completion OES found wildlife at base of the pole.	nonsif	The gate of the entrance came loose and fell over the worker a security guard that was opening it.	0.06232428550720215	0	4765
The rug had a large puddle of water underneath it.	nonsif	The gate of the entrance came loose and fell over the worker a security guard that was opening it.	0.05806360021233559	0	4765
Employee injured on am was treated by security officers D Kasula and J Cyrenne.	nonsif	Worker at a correctional facility was injure during a prison riot.	0.9143299460411072	0	2230
Driving to lunch at South Melbourne business meetings event travel.	nonsif	The gate of the entrance came loose and fell over the worker a security guard that was opening it.	0.061838794499635696	0	4765
Fan missing guars at press.	nonsif	The gate of the entrance came loose and fell over the worker a security guard that was opening it.	0.06039863079786301	0	4765
Lack of design feature to allow movement of wash fixture.	nonsif	The gate of the entrance came loose and fell over the worker a security guard that was opening it.	0.05809574946761131	0	4765
pliers employee was using pliers to loosen a bolt in a box.	nonsif	Worker installing heavy overhead door was hit when the door fell.	0.08659324795007706	0	1180
He is up to date with his tetanus shot.	nonsif	The gate of the entrance came loose and fell over the worker a security guard that was opening it.	0.059684768319129944	0	4765
The AO with the direction of TSO isolated the equipment.	nonsif	The gate of the entrance came loose and fell over the worker a security guard that was opening it.	0.05734388157725334	0	4765
Keep rest cabins clean.	nonsif	The gate of the entrance came loose and fell over the worker a security guard that was opening it.	0.05889103189110756	0	4765
The employee followed up with the nurse and was returned to work without restrictions.	nonsif	The gate of the entrance came loose and fell over the worker a security guard that was opening it.	0.05797750875353813	0	4765
Air conditioning unit leaked onto some electricl equipment.	nonsif	Worker installing heavy overhead door was hit when the door fell.	0.08992306143045425	0	1180
The three EE were approximately meters away from the Bolt that being removed.	nonsif	The gate of the entrance came loose and fell over the worker a security guard that was opening it.	0.05706089735031128	0	4765
ergonomic assessment Ergo assessment completed by Jon Lee and sent to EHS Specialist.	nonsif	The gate of the entrance came loose and fell over the worker a security guard that was opening it.	0.059133075177669525	0	4765
We discussed this and talked about rushing especially when it is wet outside.	nonsif	The gate of the entrance came loose and fell over the worker a security guard that was opening it.	0.057370033115148544	0	4765
points contact FTE was standing on tire of truck to clear snow from windshield.	nonsif	Decedent was driving a log truck uphill to pick up a load of logs. The truck left the road and went 200 feet down a hill. Decedent was thrown for the truck.	0.36377212405204773	0	1022
I had to hit brakes hard and swervee to keep from hitting of them.	nonsif	Worker installing heavy overhead door was hit when the door fell.	0.07735419273376465	0	1180
AC System not function proper in Gantry Room Room temp.	nonsif	The gate of the entrance came loose and fell over the worker a security guard that was opening it.	0.060117121785879135	0	4765
Garbage on bothe the rear and passenger floorboards and clothing thrown across the backseat.	nonsif	Worker installing heavy overhead door was hit when the door fell.	0.1472591906785965	0	1180
Root Cause Inadequate job planning.	nonsif	The gate of the entrance came loose and fell over the worker a security guard that was opening it.	0.058105502277612686	0	4765
Even though the event happened at approximately ComEd was not notified until approximately.	nonsif	The gate of the entrance came loose and fell over the worker a security guard that was opening it.	0.05755597725510597	0	4765
Operatives in the work area not wearing safety glasses.	nonsif	The gate of the entrance came loose and fell over the worker a security guard that was opening it.	0.06087615713477135	0	4765
He pulled on it and it released and hit him in the forehead.	nonsif	Worker unloading crates of granite slabs was hit after the wire rope holding the crates broke.	0.37914732098579407	0	861
The Door to the clean room does not seem to clsoe properly.	nonsif	The gate of the entrance came loose and fell over the worker a security guard that was opening it.	0.0574386827647686	0	4765
Putting doors on by hand to help a line stoppage.	nonsif	The gate of the entrance came loose and fell over the worker a security guard that was opening it.	0.057958345860242844	0	4765
Not wearing proper PPE safety glasses on shop floor nonspecific site activity.	nonsif	The gate of the entrance came loose and fell over the worker a security guard that was opening it.	0.06071250140666962	0	4765
Nexants data security controls were previously evaluated in an Exelon IT Security review dated.	nonsif	The gate of the entrance came loose and fell over the worker a security guard that was opening it.	0.058109842240810394	0	4765
Maintenance removed snow and ice with snow rake and power lift.	nonsif	Firefighter slipped on ice and hit head	0.637614905834198	0	755
Improper Range Finder Usage.	nonsif	The gate of the entrance came loose and fell over the worker a security guard that was opening it.	0.05641911178827286	0	4765
Good Use of STAR by Station DSD.	nonsif	The gate of the entrance came loose and fell over the worker a security guard that was opening it.	0.05704794079065323	0	4765
S EE enters medical with c o pain to R Elbow.	nonsif	The gate of the entrance came loose and fell over the worker a security guard that was opening it.	0.057140741497278214	0	4765
This was a good question brought up by employee.	nonsif	The gate of the entrance came loose and fell over the worker a security guard that was opening it.	0.05669784173369408	0	4765
While exiting the office for the day the parking garage stairwell was very wet.	nonsif	The worker was operating a pallet jack when entering an intersection drove into the stairwell.	0.37540969252586365	0	1216
During a lifting task the injured felt pain in his back.	nonsif	Machine guarding was removed from the Houle Alley Scraper for maintenance and not reinstalled after servicing. Worker was caught in moving machinery and suffered mild injuries.	0.05344514921307564	0	4260
Wheel chocks were also utilized.	nonsif	The gate of the entrance came loose and fell over the worker a security guard that was opening it.	0.056364741176366806	0	4765
Footing would hampered some by snow but crews all had proper foot wear.	nonsif	A skidder operator transporting logs was injure when the skidders wheel rolled over a log causing the log to flip up and hit the workers head.	0.08139706403017044	0	1065
I observed worker cutting plywood for the hole.	nonsif	The gate of the entrance came loose and fell over the worker a security guard that was opening it.	0.06058187410235405	0	4765
sending degree water raining down on the area below.	nonsif	The gate of the entrance came loose and fell over the worker a security guard that was opening it.	0.06308671087026596	0	4765
Associate entered room where an epoxy resin spill recently occurred.	nonsif	The gate of the entrance came loose and fell over the worker a security guard that was opening it.	0.059166859835386276	0	4765
EE reported the injury weeks later on.	nonsif	The gate of the entrance came loose and fell over the worker a security guard that was opening it.	0.05626814439892769	0	4765
The cable was successfully installed.	nonsif	The gate of the entrance came loose and fell over the worker a security guard that was opening it.	0.05960879102349281	0	4765
Fleet is investigating this issue in conjunction with the safety features on this vehicle.	nonsif	The gate of the entrance came loose and fell over the worker a security guard that was opening it.	0.05641116946935654	0	4765
he was operating the preform machines in compression department and developed a rash.	nonsif	The gate of the entrance came loose and fell over the worker a security guard that was opening it.	0.06242537871003151	0	4765
My fingers are hurting so bad.	nonsif	The gate of the entrance came loose and fell over the worker a security guard that was opening it.	0.05659666284918785	0	4765
This is a P meter that can not be disconnected remotely.	nonsif	The gate of the entrance came loose and fell over the worker a security guard that was opening it.	0.06263581663370132	0	4765
Half way into shift noticed a sore pain in right shoulder.	nonsif	The gate of the entrance came loose and fell over the worker a security guard that was opening it.	0.05621770769357681	0	4765
Paper Cutter leave open up and unattended at the Store Room.	nonsif	The gate of the entrance came loose and fell over the worker a security guard that was opening it.	0.058686669915914536	0	4765
That gives them splinters in their feet.	nonsif	The gate of the entrance came loose and fell over the worker a security guard that was opening it.	0.05840083956718445	0	4765
Press Relief Device Not Installed on TR at TDC.	nonsif	The gate of the entrance came loose and fell over the worker a security guard that was opening it.	0.06003783270716667	0	4765
Need to scrap and dump all.	nonsif	The gate of the entrance came loose and fell over the worker a security guard that was opening it.	0.05812625214457512	0	4765
Communicate RCA to teams.	nonsif	The gate of the entrance came loose and fell over the worker a security guard that was opening it.	0.05741399899125099	0	4765
While crew was working in the field a strong storm approached in the distance.	nonsif	Worker prepping cars for paint injured from heat stroke.	0.06816067546606064	0	6190
Now rolls the amp wires from front to back.	nonsif	The gate of the entrance came loose and fell over the worker a security guard that was opening it.	0.05776488780975342	0	4765
Lumbar back hit the riser sticking up because locker was not straight.	nonsif	The gate of the entrance came loose and fell over the worker a security guard that was opening it.	0.06065696105360985	0	4765
states she was lifting and flipping the lift gaits to put into the racks.	nonsif	Machine guarding was removed from the Houle Alley Scraper for maintenance and not reinstalled after servicing. Worker was caught in moving machinery and suffered mild injuries.	0.07097406685352325	0	4260
The east gate is being left open and bypassed to keep it open.	nonsif	The gate of the entrance came loose and fell over the worker a security guard that was opening it.	0.08137471228837967	0	4765
Duplicate Meter Number.	nonsif	The gate of the entrance came loose and fell over the worker a security guard that was opening it.	0.05687963590025902	0	4765
Told guy in skid to speak with customer.	nonsif	The worker was operating a skidder during a logging operation when the skidder turned over. There were no witnesses. The worker was hit under the skidder. Emergency services arrived and was pronounced injured .	0.4313647747039795	0	2503
Good Catch Line of Fire.	nonsif	The gate of the entrance came loose and fell over the worker a security guard that was opening it.	0.05489157885313034	0	4765
Correct Plaque Placement During a walk down at TSS West.	nonsif	The gate of the entrance came loose and fell over the worker a security guard that was opening it.	0.0726538673043251	0	4765
WCV was called they researched for clinics open on Saturday.	nonsif	The gate of the entrance came loose and fell over the worker a security guard that was opening it.	0.0592198483645916	0	4765
The operator banged the head against a cone of candle Twintex.	nonsif	The gate of the entrance came loose and fell over the worker a security guard that was opening it.	0.057915475219488144	0	4765
Roadway lighting circuit from loading rack to front parking lot not working.	nonsif	Two workers were doing road surveying each on either side of the road. A civilian driver came over the hill and suddenly applied his brakes even though no person equipment or car was in the road. This caused his car to spin off the road running over one of the workers.	0.9500010013580322	0	3814
I had a company come in to weld stainless steel.	nonsif	The gate of the entrance came loose and fell over the worker a security guard that was opening it.	0.059924446046352386	0	4765
Magnet Quench occured after ramp up process.	nonsif	The gate of the entrance came loose and fell over the worker a security guard that was opening it.	0.05831068381667137	0	4765
Area Operator Found Insulator Broken Off Structure.	nonsif	The gate of the entrance came loose and fell over the worker a security guard that was opening it.	0.05990210920572281	0	4765
However then the reader elected to back all the way down a long driveway.	nonsif	Worker was on DNR property scouting for well sites for a municipal water system. Worker was riding an ATV and it appears that the vehicle slipped on the steep terrain throwing the worker off and then landing on top of him.	0.568070113658905	0	3450
The injury prevention specialist referred the employee to OHS.	nonsif	The gate of the entrance came loose and fell over the worker a security guard that was opening it.	0.05690491199493408	0	4765
States he was carrying bag in one hand and other hand in his pocket.	nonsif	The gate of the entrance came loose and fell over the worker a security guard that was opening it.	0.05865998566150665	0	4765
When the operator was loading goods onto container using electric forklift.	nonsif	Worker was engaged in work activities including rough terrain forklift operations and construction work and was walking up an incline away from the Lull carrying a screw gun box and was hit by the right rear tire of the Lull.	0.9550037384033203	0	2608
Securing fuel hose.	nonsif	The gate of the entrance came loose and fell over the worker a security guard that was opening it.	0.0601622611284256	0	4765
Results shutdown of the equipements.	nonsif	The gate of the entrance came loose and fell over the worker a security guard that was opening it.	0.05834381654858589	0	4765
The site was not recognized by the PM.	nonsif	The gate of the entrance came loose and fell over the worker a security guard that was opening it.	0.058712247759103775	0	4765
Was oil on floor in front of cart.	nonsif	The gate of the entrance came loose and fell over the worker a security guard that was opening it.	0.05782969668507576	0	4765
This should have been changed to R when the WO was created.	nonsif	The gate of the entrance came loose and fell over the worker a security guard that was opening it.	0.05646927282214165	0	4765
damaged insulator At TSS.	nonsif	The gate of the entrance came loose and fell over the worker a security guard that was opening it.	0.05779856815934181	0	4765
The LC gantry was placed on DOLLY to performs tests at Buc.	nonsif	The gate of the entrance came loose and fell over the worker a security guard that was opening it.	0.05758281052112579	0	4765
OE s DVIR book was up to date and truck was neat.	nonsif	Decedent was unloading logs from truck in sawmill yard. While releasing straps one of the logs rolled onto the employee.	0.060208141803741455	0	1176
Employee returned to work no restrictions.	nonsif	The gate of the entrance came loose and fell over the worker a security guard that was opening it.	0.061183396726846695	0	4765
All issues resolved no follow up required.	nonsif	The gate of the entrance came loose and fell over the worker a security guard that was opening it.	0.060059454292058945	0	4765
Lines need to be painted in the MOD area.	nonsif	The gate of the entrance came loose and fell over the worker a security guard that was opening it.	0.05682869255542755	0	4765
Employee was unboxing an item.	nonsif	The gate of the entrance came loose and fell over the worker a security guard that was opening it.	0.06073710322380066	0	4765
tripped over own feet and fell forward towards belt table.	nonsif	Worker was walking down steps from a utility room when he slipped or tripped.	0.842136561870575	0	2293
Job title Security Guard x yrs.	nonsif	The gate of the entrance came loose and fell over the worker a security guard that was opening it.	0.06721607595682144	0	4765
We then exited the space and secured the door to let the steam dissipate.	nonsif	The gate of the entrance came loose and fell over the worker a security guard that was opening it.	0.059508975595235825	0	4765
operator called robo in on fh to unload doffs onto carrier.	nonsif	The gate of the entrance came loose and fell over the worker a security guard that was opening it.	0.06100432574748993	0	4765
The Inspector took their names and left the jobsite without providing any other information.	nonsif	The gate of the entrance came loose and fell over the worker a security guard that was opening it.	0.060358256101608276	0	4765
The transformer was then tested for proper voltage upon completion of the transformer restoration.	nonsif	Worker was contracted to remove and install a new breaker that controlled a chipper. The disconnect was placed in the off position and the worker began disconnecting the I/O cable from the lugs inside the box when an arc flash occurred.	0.09886623173952103	0	4028
On Gradall Crew discovered leaking United Rentals Gradall during preFlight Inspection of equipment.	nonsif	The gate of the entrance came loose and fell over the worker a security guard that was opening it.	0.067983478307724	0	4765
Injured employee than used a pry bar to the charger.	nonsif	The gate of the entrance came loose and fell over the worker a security guard that was opening it.	0.057232122868299484	0	4765
repetitive use grabbing bending of the elbow arm on hinge.	nonsif	The gate of the entrance came loose and fell over the worker a security guard that was opening it.	0.056995198130607605	0	4765
In the meantime the reader was instructed to walk back to the company vehicle.	nonsif	The gate of the entrance came loose and fell over the worker a security guard that was opening it.	0.056681033223867416	0	4765
EE was cleaning primary screens screens backed up.	nonsif	The gate of the entrance came loose and fell over the worker a security guard that was opening it.	0.05749070271849632	0	4765
Worker walked into a hanging air gun with a driver bit in it.	nonsif	Worker was issued a firearm went outside and committed suicide.	0.9966866374015808	0	2617
Good work all members took them and put them in with a good attitude.	nonsif	The gate of the entrance came loose and fell over the worker a security guard that was opening it.	0.05831204354763031	0	4765
Original job tha ee hurt her wrist on was sliding door glass and install.	nonsif	The gate of the entrance came loose and fell over the worker a security guard that was opening it.	0.06947842240333557	0	4765
OSHA inspector visit.	nonsif	The gate of the entrance came loose and fell over the worker a security guard that was opening it.	0.05818496644496918	0	4765
Pulling a cabinet up steps on a dolly.	nonsif	The gate of the entrance came loose and fell over the worker a security guard that was opening it.	0.06260842829942703	0	4765
The mechanic lifted the belt guard high enough to replace the belts.	nonsif	The gate of the entrance came loose and fell over the worker a security guard that was opening it.	0.062472324818372726	0	4765
I m worried whether these labs and bays would impact my fetus.	nonsif	The gate of the entrance came loose and fell over the worker a security guard that was opening it.	0.05605672299861908	0	4765
The interior was in clean condition.	nonsif	The gate of the entrance came loose and fell over the worker a security guard that was opening it.	0.056725434958934784	0	4765
After manually operating auto doff clearing the alarm the operator hit the go button.	nonsif	The gate of the entrance came loose and fell over the worker a security guard that was opening it.	0.06362266093492508	0	4765
Currently it has an orange cone on it.	nonsif	The gate of the entrance came loose and fell over the worker a security guard that was opening it.	0.05942758917808533	0	4765
The fixture tipped due to it being located on top of the unstable boxes.	nonsif	The gate of the entrance came loose and fell over the worker a security guard that was opening it.	0.05652140453457832	0	4765
EE lifted the shoring scaffold and placed on the shoulder for transport.	nonsif	Worker installing heavy overhead door was hit when the door fell.	0.06421839445829391	0	1180
The B mechanic was commended on his utilization of the Smith keys.	nonsif	The gate of the entrance came loose and fell over the worker a security guard that was opening it.	0.0572928823530674	0	4765
Need to review JSA with all employees who charge trucks.	nonsif	The gate of the entrance came loose and fell over the worker a security guard that was opening it.	0.05751985311508179	0	4765
Interview with witness To ni Hall confirmed statement Assigned to investigative team.	nonsif	The gate of the entrance came loose and fell over the worker a security guard that was opening it.	0.058250635862350464	0	4765
Rear seat cushion secure been over a year on this job.	nonsif	The gate of the entrance came loose and fell over the worker a security guard that was opening it.	0.05696327984333038	0	4765
The doctor said something had been in his eye but was no longer there.	nonsif	The gate of the entrance came loose and fell over the worker a security guard that was opening it.	0.05889423191547394	0	4765
Manually loading plastic bins onto van.	nonsif	Decedent was driving a log truck uphill to pick up a load of logs. The truck left the road and went 200 feet down a hill. Decedent was thrown for the truck.	0.1041175052523613	0	1022
Work related lost work day case.	nonsif	The gate of the entrance came loose and fell over the worker a security guard that was opening it.	0.05820968374609947	0	4765
This incident was enter incorrecty it sbould be a minor injury no treatment.	nonsif	The gate of the entrance came loose and fell over the worker a security guard that was opening it.	0.05951926112174988	0	4765
I felt a pop in my lower back.	nonsif	The gate of the entrance came loose and fell over the worker a security guard that was opening it.	0.05666481330990791	0	4765
Damage occurred while recovering unit from site of sinking.	nonsif	Employee injured while conducting dive operations at 130 feet.	0.8917149901390076	0	3734
Customer Switchyard Material Issues.	nonsif	The gate of the entrance came loose and fell over the worker a security guard that was opening it.	0.05801169201731682	0	4765
Metal Grating Employee working on North bag house fan.	nonsif	Worker contracted H1N1 flu.	0.20456622540950775	0	2682
First aid disinfection provided by Julie CURRAULT.	nonsif	The gate of the entrance came loose and fell over the worker a security guard that was opening it.	0.05777045339345932	0	4765
Generator winders were brazing connections on a medium steam generator field.	nonsif	Worker was performing welding repairs on the log selector gate and was hit by the gate. The equipment was not properly locked and tagged out for maintenance.	0.07961249351501465	0	302
Employee was in process of changing out the rotor on chain mill.	nonsif	Machine guarding was removed from the Houle Alley Scraper for maintenance and not reinstalled after servicing. Worker was caught in moving machinery and suffered mild injuries.	0.0850120261311531	0	4260
The persons from the logistic company were uninjured.	nonsif	The gate of the entrance came loose and fell over the worker a security guard that was opening it.	0.0702049508690834	0	4765
After removing the lock the TTSS became stuck in the down position.	nonsif	The gate of the entrance came loose and fell over the worker a security guard that was opening it.	0.05927471071481705	0	4765
Upon inspection the crew found a hole burnt in one of the sleeves.	nonsif	The gate of the entrance came loose and fell over the worker a security guard that was opening it.	0.05731061473488808	0	4765
EE was transported to the emergency room to be evaluated by a physician.	nonsif	The gate of the entrance came loose and fell over the worker a security guard that was opening it.	0.05711354687809944	0	4765
After this initial instruction all new employees were given identical training.	nonsif	The gate of the entrance came loose and fell over the worker a security guard that was opening it.	0.056706126779317856	0	4765
At that point the HH mechanic was resting against the tire of the Gradall.	nonsif	The gate of the entrance came loose and fell over the worker a security guard that was opening it.	0.05798446387052536	0	4765
A wind came up and the gate swung and struck the mower.	nonsif	A skidder operator transporting logs was injure when the skidders wheel rolled over a log causing the log to flip up and hit the workers head.	0.7124213576316833	0	1065
This table is how SCADA and OMS associate the common points between them.	nonsif	The gate of the entrance came loose and fell over the worker a security guard that was opening it.	0.057899340987205505	0	4765
Bathroom cleanliness is much to be desired.	nonsif	The gate of the entrance came loose and fell over the worker a security guard that was opening it.	0.05929245054721832	0	4765
create work order no to close it.	nonsif	The gate of the entrance came loose and fell over the worker a security guard that was opening it.	0.06341143697500229	0	4765
Employee was repairing a peripheral tower.	nonsif	Victim was installing coax cable hangers down the face of an existing tower and fell 60 to 100 feet.	0.5620989203453064	0	1
Employee had only been hand doffing for min.	nonsif	The gate of the entrance came loose and fell over the worker a security guard that was opening it.	0.05793897807598114	0	4765
Previously he had worked on a desktop.	nonsif	The gate of the entrance came loose and fell over the worker a security guard that was opening it.	0.057208914309740067	0	4765
Portable ladder had a rag wrapped around one of the feet.	nonsif	The gate of the entrance came loose and fell over the worker a security guard that was opening it.	0.05921683460474014	0	4765
This condition can result in damaging the cable.	nonsif	The gate of the entrance came loose and fell over the worker a security guard that was opening it.	0.057562973350286484	0	4765
Fire alarm activation Electronics drift from smoke detector causing transient excursion into fire range.	nonsif	Workers were using grinder and oxyacetylene torch to remove equipment from a conveyor system located above silos used to store charcoal briquettes. A flash fire was ignited after sparks contacted a residual pile of charcoal dust resulting in 1 mild and 3 hospitalizations.	0.08467649668455124	0	390
Was wearing safety glasses at the time.	nonsif	The gate of the entrance came loose and fell over the worker a security guard that was opening it.	0.05675848573446274	0	4765
The lighting in the plant manager office is inadequate.	nonsif	The gate of the entrance came loose and fell over the worker a security guard that was opening it.	0.05733514577150345	0	4765
The guard could nt dislodge the particle he was sent to the hospital.	nonsif	Worker installing heavy overhead door was hit when the door fell.	0.1132185310125351	0	1180
AMI Equipment Failure.	nonsif	The gate of the entrance came loose and fell over the worker a security guard that was opening it.	0.058994047343730927	0	4765
Follow SOP before performing the operation use proper PPEs.	nonsif	The gate of the entrance came loose and fell over the worker a security guard that was opening it.	0.05715259909629822	0	4765
Employee had Facial protection goggles gowning and gloves.	nonsif	The gate of the entrance came loose and fell over the worker a security guard that was opening it.	0.05771997570991516	0	4765
Testing laboratory operations.	nonsif	The gate of the entrance came loose and fell over the worker a security guard that was opening it.	0.060894083231687546	0	4765
Began to experience intense itching within short time.	nonsif	The gate of the entrance came loose and fell over the worker a security guard that was opening it.	0.05666789039969444	0	4765
Its was a freak accident.	nonsif	The gate of the entrance came loose and fell over the worker a security guard that was opening it.	0.0730832889676094	0	4765
Constant slow computer network at Mount Prospect office.	nonsif	The gate of the entrance came loose and fell over the worker a security guard that was opening it.	0.06602291017770767	0	4765
This was a USIC locate and all marks on the ground were accurate.	nonsif	The gate of the entrance came loose and fell over the worker a security guard that was opening it.	0.057866521179676056	0	4765
good catch by crew during wiring.	nonsif	Worker was contracted to remove and install a new breaker that controlled a chipper. The disconnect was placed in the off position and the worker began disconnecting the I/O cable from the lugs inside the box when an arc flash occurred.	0.7181161046028137	0	4028
lifting more than stopped and got help stopped and got help.	nonsif	The gate of the entrance came loose and fell over the worker a security guard that was opening it.	0.06090247258543968	0	4765
Work area housekeeping was acceptable.	nonsif	The gate of the entrance came loose and fell over the worker a security guard that was opening it.	0.05589187890291214	0	4765
Conducted safety talk in Engineering on Utility knife safety.	nonsif	The gate of the entrance came loose and fell over the worker a security guard that was opening it.	0.0637475922703743	0	4765
The fluid was determined to be residual acid in the hose.	nonsif	The gate of the entrance came loose and fell over the worker a security guard that was opening it.	0.067489854991436	0	4765
RP therefore issued incorrect settings on including the improper breaker failure timer setting.	nonsif	The gate of the entrance came loose and fell over the worker a security guard that was opening it.	0.05747682601213455	0	4765
Rules to dig by followed.	nonsif	The gate of the entrance came loose and fell over the worker a security guard that was opening it.	0.05535358935594559	0	4765
He then was placing the machines back on the line.	nonsif	The gate of the entrance came loose and fell over the worker a security guard that was opening it.	0.05636707693338394	0	4765
cleaning new componants cleaning operations.	nonsif	The gate of the entrance came loose and fell over the worker a security guard that was opening it.	0.05611782521009445	0	4765
FLS instructed the crew to set the job up foe the next shift.	nonsif	The gate of the entrance came loose and fell over the worker a security guard that was opening it.	0.056824199855327606	0	4765
Right index finger hit support on rack jamming finger.	nonsif	The gate of the entrance came loose and fell over the worker a security guard that was opening it.	0.05881517007946968	0	4765
Rph compounded MAG kit.	nonsif	The gate of the entrance came loose and fell over the worker a security guard that was opening it.	0.05779923126101494	0	4765
This customer has experienced outages in the past due to wildlife contact.	nonsif	The gate of the entrance came loose and fell over the worker a security guard that was opening it.	0.06946060061454773	0	4765
For example a ER request received s Hamlin CN dates.	nonsif	The gate of the entrance came loose and fell over the worker a security guard that was opening it.	0.05738594010472298	0	4765
Inspecting S buckets and adding data to PC on shop floor inspecting.	nonsif	The gate of the entrance came loose and fell over the worker a security guard that was opening it.	0.05952135846018791	0	4765
Employee was wearing a bump cap and all required PPE.	nonsif	The gate of the entrance came loose and fell over the worker a security guard that was opening it.	0.05675704777240753	0	4765
When a few slide off of the end of the forks.	nonsif	Worker was unloading a skid lost control fell and hit his head on the ground.	0.18901586532592773	0	193
Employee reported discomfort in shoulders due to overhead work.	nonsif	The gate of the entrance came loose and fell over the worker a security guard that was opening it.	0.05755927413702011	0	4765
Associate was welding Mag Saddles.	nonsif	The gate of the entrance came loose and fell over the worker a security guard that was opening it.	0.05840720981359482	0	4765
EE Driving the perimeter road in the old area.	nonsif	The gate of the entrance came loose and fell over the worker a security guard that was opening it.	0.05788927525281906	0	4765
Access is now limited to a two person activity operation.	nonsif	The gate of the entrance came loose and fell over the worker a security guard that was opening it.	0.07501813769340515	0	4765
The employee stated I had finished installing a limit switch.	nonsif	The gate of the entrance came loose and fell over the worker a security guard that was opening it.	0.063054658472538	0	4765
Preliminary diagnose of CTS was given in October of.	nonsif	The gate of the entrance came loose and fell over the worker a security guard that was opening it.	0.05693317949771881	0	4765
Employee was loading product code in Able van at spot.	nonsif	Decedent was driving a log truck uphill to pick up a load of logs. The truck left the road and went 200 feet down a hill. Decedent was thrown for the truck.	0.060126304626464844	0	1022
In addition she was advised to take Tylenol for the pain.	nonsif	The gate of the entrance came loose and fell over the worker a security guard that was opening it.	0.057903602719306946	0	4765
EWR raised to have emergency lighting installed into maintenance corridor of M range.	nonsif	The gate of the entrance came loose and fell over the worker a security guard that was opening it.	0.05685144290328026	0	4765
He gingerly released his grip on the hot stick and boomed down.	nonsif	The gate of the entrance came loose and fell over the worker a security guard that was opening it.	0.05885501205921173	0	4765
Job involves bending and twisting to secure the rear seat cushion.	nonsif	The gate of the entrance came loose and fell over the worker a security guard that was opening it.	0.06055815890431404	0	4765
No prescriptions drugs were prescribed.	nonsif	The gate of the entrance came loose and fell over the worker a security guard that was opening it.	0.06890609115362167	0	4765
The brief also noted that there were landscape contractors in the area as well.	nonsif	The gate of the entrance came loose and fell over the worker a security guard that was opening it.	0.057479579001665115	0	4765
No actions to be taken.	nonsif	The gate of the entrance came loose and fell over the worker a security guard that was opening it.	0.06471116095781326	0	4765
O vehicle operations.	nonsif	A worker servicing a vehicle was run over when a coworker moved the vehicle.	0.41290950775146484	0	539
Valve wrench slipped off valve operator and pinched thumb between valve wrench and piping.	nonsif	Worker was working on a pump in a magnesium recycling area. He was in the process of turning a shaft with a pipe wrench to free up a vertical propeller when the hose connected to the pump either split or broke open. The force of the steam blew him against a metal cage.	0.8202552795410156	0	3581
Result of doing wire harness same job.	nonsif	The gate of the entrance came loose and fell over the worker a security guard that was opening it.	0.05817222595214844	0	4765
CREW HAD TRUCK ON POLE AND WAS DIGGING NEW HOLE.	nonsif	The gate of the entrance came loose and fell over the worker a security guard that was opening it.	0.058571621775627136	0	4765
Luckily there was no chemical exposure.	nonsif	The gate of the entrance came loose and fell over the worker a security guard that was opening it.	0.06893787533044815	0	4765
Employee felt something in his left eye.	nonsif	The gate of the entrance came loose and fell over the worker a security guard that was opening it.	0.057926151901483536	0	4765
On the rd floor there re several x ray lab.	nonsif	The gate of the entrance came loose and fell over the worker a security guard that was opening it.	0.059093546122312546	0	4765
There is points of locking the container to trailer only points are secured.	nonsif	The gate of the entrance came loose and fell over the worker a security guard that was opening it.	0.059076447039842606	0	4765
I was doing stock keeping in the warehouse.	nonsif	The gate of the entrance came loose and fell over the worker a security guard that was opening it.	0.058665644377470016	0	4765
Job R R B POST TRIM S x yrs.	nonsif	The gate of the entrance came loose and fell over the worker a security guard that was opening it.	0.05751150846481323	0	4765
Readjust rounding station arm to releive tension.	nonsif	The gate of the entrance came loose and fell over the worker a security guard that was opening it.	0.05655292421579361	0	4765
ALL CREW MEMBERS HAD ON REQUIRED PPE.	nonsif	The gate of the entrance came loose and fell over the worker a security guard that was opening it.	0.05785070359706879	0	4765
Mechanic was retreiving parts from the warehouse using telehandler.	nonsif	Worker installing heavy overhead door was hit when the door fell.	0.09986589848995209	0	1180
An initial Multiple attempts to engage alternate South Region Management failed.	nonsif	The gate of the entrance came loose and fell over the worker a security guard that was opening it.	0.05776984244585037	0	4765
Housekeeping violations in the office.	nonsif	The gate of the entrance came loose and fell over the worker a security guard that was opening it.	0.05705162510275841	0	4765
I WAS MANUALLY PULLING A GLASS RACK ON JOB TRIM BY BB.	nonsif	The gate of the entrance came loose and fell over the worker a security guard that was opening it.	0.05756079778075218	0	4765
They had to remove the blades to get it from under the deck.	nonsif	The gate of the entrance came loose and fell over the worker a security guard that was opening it.	0.05726292356848717	0	4765
Securing front panel bang left index finger against door.	nonsif	The gate of the entrance came loose and fell over the worker a security guard that was opening it.	0.06354281306266785	0	4765
Business interruption caused by false alarm in OA.	nonsif	The gate of the entrance came loose and fell over the worker a security guard that was opening it.	0.059674568474292755	0	4765
EE said he thought it would just go away.	nonsif	The gate of the entrance came loose and fell over the worker a security guard that was opening it.	0.05975452810525894	0	4765
FLS failed to have a questioning attitude.	nonsif	The gate of the entrance came loose and fell over the worker a security guard that was opening it.	0.061500366777181625	0	4765
Some locations up some down and under.	nonsif	The gate of the entrance came loose and fell over the worker a security guard that was opening it.	0.05768979713320732	0	4765
Manhole cover in road near fitness center appears to be sinking in the blacktop.	nonsif	The worker was operating a pallet jack when entering an intersection drove into the stairwell.	0.7128727436065674	0	1216
He thinks he rubbed his eye and introduced the dust in to it.	nonsif	The gate of the entrance came loose and fell over the worker a security guard that was opening it.	0.05747848004102707	0	4765
Lifting ton turbine shell and moving it to the end of the bay lifting.	nonsif	Worker was driving a tractor pulling wagons in sugarcane harvesting went off the road into a canal drowning.	0.3076159358024597	0	2703
Employee was working on a RF amp.	nonsif	Worker was contracted to remove and install a new breaker that controlled a chipper. The disconnect was placed in the off position and the worker began disconnecting the I/O cable from the lugs inside the box when an arc flash occurred.	0.15102021396160126	0	4028
Employee was removing a paper holder that was somewhat difficult to remove.	nonsif	The gate of the entrance came loose and fell over the worker a security guard that was opening it.	0.058479901403188705	0	4765
Needed to use extra force wiggle gun to get the screws to thread.	nonsif	The gate of the entrance came loose and fell over the worker a security guard that was opening it.	0.05733392760157585	0	4765
Please take action accordingly.	nonsif	The gate of the entrance came loose and fell over the worker a security guard that was opening it.	0.05497873201966286	0	4765
The pH was not out of range during this time.	nonsif	The gate of the entrance came loose and fell over the worker a security guard that was opening it.	0.058587025851011276	0	4765
Vendor did not read and sign brief.	nonsif	The gate of the entrance came loose and fell over the worker a security guard that was opening it.	0.06328121572732925	0	4765
Files removed from on top of cupboard in area.	nonsif	The gate of the entrance came loose and fell over the worker a security guard that was opening it.	0.059958361089229584	0	4765
This deviation from standard practiced failed to take into account possible concrete shifting.	nonsif	The gate of the entrance came loose and fell over the worker a security guard that was opening it.	0.06023595109581947	0	4765
Reported to incorrect region.	nonsif	The gate of the entrance came loose and fell over the worker a security guard that was opening it.	0.058023035526275635	0	4765
Oil left on floor where old CNC machines have been removed from production.	nonsif	The gate of the entrance came loose and fell over the worker a security guard that was opening it.	0.06263849884271622	0	4765
While trying to repair a tape break on Tape Line No.	nonsif	Worker installing heavy overhead door was hit when the door fell.	0.08318982273340225	0	1180
When the light turned green the employee released his brakes and started to accelerate.	nonsif	Worker installing heavy overhead door was hit when the door fell.	0.10995295643806458	0	1180
Employee was cleaning ladle shroud holder with torch.	nonsif	The gate of the entrance came loose and fell over the worker a security guard that was opening it.	0.05953606963157654	0	4765
Grating was removed to clear pluagge and not immediately replaced.	nonsif	The gate of the entrance came loose and fell over the worker a security guard that was opening it.	0.06183922663331032	0	4765
Had to get valve started with pipe wrench switch to.	nonsif	The gate of the entrance came loose and fell over the worker a security guard that was opening it.	0.06372643262147903	0	4765
Operator noticed suction pressures getting low on and MLP and E Stopped pit pump.	nonsif	The gate of the entrance came loose and fell over the worker a security guard that was opening it.	0.060363706201314926	0	4765
Moved a conveyor belt that was lbs from AM to PM.	nonsif	Machine guarding was removed from the Houle Alley Scraper for maintenance and not reinstalled after servicing. Worker was caught in moving machinery and suffered mild injuries.	0.16731220483779907	0	4260
EE put right hand in the bottom hole of the shore.	nonsif	The gate of the entrance came loose and fell over the worker a security guard that was opening it.	0.05729937180876732	0	4765
On Friday April at pm.	nonsif	The gate of the entrance came loose and fell over the worker a security guard that was opening it.	0.07390846312046051	0	4765
medical treatment and time off work.	nonsif	Lab worker injured from complications related to exposure to infectious bacteria.	0.0609065406024456	0	2147
could have hit someone if in the area.	nonsif	The gate of the entrance came loose and fell over the worker a security guard that was opening it.	0.05760500580072403	0	4765
Customer crew were working in GE area without proper PPE.	nonsif	The gate of the entrance came loose and fell over the worker a security guard that was opening it.	0.05959048494696617	0	4765
Observed on customer package having a sampling bottle that they use mineral bottle.	nonsif	The gate of the entrance came loose and fell over the worker a security guard that was opening it.	0.05757557600736618	0	4765
States his coveralls were tied around his waist.	nonsif	The gate of the entrance came loose and fell over the worker a security guard that was opening it.	0.06405817717313766	0	4765
He was hitting a piping wrench with a hammer to loosen a pipe plug.	nonsif	An employee was operating a palletizer when apparently he climbed into the machine to unjam a pallet and was hit .	0.7802559733390808	0	420
Operator opened safety cage gate to change pallets.	nonsif	The gate of the entrance came loose and fell over the worker a security guard that was opening it.	0.06361442804336548	0	4765
Barricading provided for all swing radiuss of operational equipment Closed.	nonsif	The gate of the entrance came loose and fell over the worker a security guard that was opening it.	0.05997874215245247	0	4765
Manual lifting of barrells puts workers at risk of injury.	nonsif	Employee mild hit by bundles of stacked polycoil tubing.	0.287664532661438	0	2907
stagg was exiting kiln floor via east stairs.	nonsif	Worker was performing decking work at a height of 3035 feet above ground level and fell through the decking.	0.35441774129867554	0	568
The lowest communications conductor which crossed the alley was.	nonsif	Victim was polishing a shaft. The shaft flew out and hit him on the chest.	0.2638082802295685	0	4116
Contractor with expired Pesticide License One Asplundh Tree crew was audited.	nonsif	Decedent was unloading logs from truck in sawmill yard. While releasing straps one of the logs rolled onto the employee.	0.11677901446819305	0	1176
Possible equipment damage could have occurred due to the electrical problems we were experiencing.	nonsif	The gate of the entrance came loose and fell over the worker a security guard that was opening it.	0.05848490074276924	0	4765
Right elbow pain hrs ago.	nonsif	The gate of the entrance came loose and fell over the worker a security guard that was opening it.	0.056195005774497986	0	4765
He came downstair taking a external service stairway set on the wall.	nonsif	Worker was walking down steps from a utility room when he slipped or tripped.	0.3954257369041443	0	2293
KV Bushing Stands Left at Job Location KV Bushing.	nonsif	The gate of the entrance came loose and fell over the worker a security guard that was opening it.	0.06081157550215721	0	4765
Additionally the transformer was half buried.	nonsif	Worker was contracted to remove and install a new breaker that controlled a chipper. The disconnect was placed in the off position and the worker began disconnecting the I/O cable from the lugs inside the box when an arc flash occurred.	0.05346263572573662	0	4028
The crew completed pulling this messenger by hours.	nonsif	The gate of the entrance came loose and fell over the worker a security guard that was opening it.	0.05748702213168144	0	4765
All members were wearing appropriate PPE for tasks.	nonsif	The gate of the entrance came loose and fell over the worker a security guard that was opening it.	0.057199083268642426	0	4765
The meter was exchanged successfully and without incident.	nonsif	The gate of the entrance came loose and fell over the worker a security guard that was opening it.	0.05873081088066101	0	4765
Employee was called out to do some tractor work for DL.	nonsif	Worker was backing a truck into an inclined loading dock. He got out to check on the dock clearance and walked between the truck and the dock wall. The truck rolled back on him.	0.09230491518974304	0	7333
We assisted Chicago South with person crews and OES throughout the night.	nonsif	The gate of the entrance came loose and fell over the worker a security guard that was opening it.	0.060721542686223984	0	4765
yard debris tripping hazard tug crew is installing new pot heads at tss.	nonsif	The gate of the entrance came loose and fell over the worker a security guard that was opening it.	0.059364013373851776	0	4765
Employee was helping out DM paperroom on a R run to the BRU.	nonsif	The gate of the entrance came loose and fell over the worker a security guard that was opening it.	0.056264761835336685	0	4765
The tech was dispatched to N Maple Ave to install two Smart Meters.	nonsif	The gate of the entrance came loose and fell over the worker a security guard that was opening it.	0.057514872401952744	0	4765
Risk of container to topple or crash down to trailer when loading.	nonsif	Worker was operating a bulldozer pulling a water truck up a hill.The bulldozer drifted back and hit the worker against the water truck.	0.5338549613952637	0	710
A mechanics lock broke off while mechanic was still out in the plant.	nonsif	Worker installing heavy overhead door was hit when the door fell.	0.27606648206710815	0	1180
Job brief was missing address and dig ticket number.	nonsif	The gate of the entrance came loose and fell over the worker a security guard that was opening it.	0.06222304329276085	0	4765
The job brief was filled out correctly.	nonsif	The gate of the entrance came loose and fell over the worker a security guard that was opening it.	0.05730247125029564	0	4765
I told my boss of the condition right away at pm.	nonsif	The gate of the entrance came loose and fell over the worker a security guard that was opening it.	0.05644849315285683	0	4765
The gates closed while troubleshooting EI issue from am am.	nonsif	The gate of the entrance came loose and fell over the worker a security guard that was opening it.	0.06245012953877449	0	4765
Employee was unharmed.	nonsif	Worker shocked while working on an electrical panel inside vacant commercial building.	0.26697394251823425	0	2693
EE was diagnosed with an open fracture of the right index finger.	nonsif	The gate of the entrance came loose and fell over the worker a security guard that was opening it.	0.05770816653966904	0	4765
Operator was opening plug valve with valve wrench.	nonsif	Machine guarding was removed from the Houle Alley Scraper for maintenance and not reinstalled after servicing. Worker was caught in moving machinery and suffered mild injuries.	0.17546586692333221	0	4260
At the plant was shut down to clean the cyclone.	nonsif	The gate of the entrance came loose and fell over the worker a security guard that was opening it.	0.06152363494038582	0	4765
Do we have all new constraction approvals.	nonsif	The gate of the entrance came loose and fell over the worker a security guard that was opening it.	0.055896393954753876	0	4765
pit system started up at am pit was bringing up lift pumps slow hyd.	nonsif	The gate of the entrance came loose and fell over the worker a security guard that was opening it.	0.058750495314598083	0	4765
Two BGGTS workers were in Liner work station without wearing safety glasses.	nonsif	The gate of the entrance came loose and fell over the worker a security guard that was opening it.	0.06285570561885834	0	4765
This also affected the PM Completions PI count for ITN.	nonsif	The gate of the entrance came loose and fell over the worker a security guard that was opening it.	0.056484535336494446	0	4765
there is a large raised area in the Inserts office.	nonsif	The gate of the entrance came loose and fell over the worker a security guard that was opening it.	0.05706993490457535	0	4765
Potentially causing damage fusing of thermostate on a HPLC unit.	nonsif	The gate of the entrance came loose and fell over the worker a security guard that was opening it.	0.05911655351519585	0	4765
No one was injured during the occurrence of the said incident.	nonsif	The gate of the entrance came loose and fell over the worker a security guard that was opening it.	0.06318870931863785	0	4765
There was damage to both rear doors and passenger side rear window.	nonsif	The gate of the entrance came loose and fell over the worker a security guard that was opening it.	0.05995263531804085	0	4765
The water hose became unsecured and started moving.	nonsif	The gate of the entrance came loose and fell over the worker a security guard that was opening it.	0.07000899314880371	0	4765
Employee was hand doffing positions because position was being worked on.	nonsif	The gate of the entrance came loose and fell over the worker a security guard that was opening it.	0.05712966248393059	0	4765
Dear Sir Madam.	nonsif	Worker fell from roof elevation.	0.10305385291576385	0	5069
A wooden board that had been placed against a wall had nails protruding outwards.	nonsif	The gate of the entrance came loose and fell over the worker a security guard that was opening it.	0.06019273400306702	0	4765
Department STATOR WIND.	nonsif	The gate of the entrance came loose and fell over the worker a security guard that was opening it.	0.05737329646945	0	4765
Post information on proper lifting for employees to read.	nonsif	The gate of the entrance came loose and fell over the worker a security guard that was opening it.	0.054831862449645996	0	4765
Crew did not realize that her face in line of fire.	nonsif	The gate of the entrance came loose and fell over the worker a security guard that was opening it.	0.06414217501878738	0	4765
Area supervisor will ensure proper packaging material is provided.	nonsif	The gate of the entrance came loose and fell over the worker a security guard that was opening it.	0.05610092356801033	0	4765
The second material handler immediately call his supervisor to report.	nonsif	The gate of the entrance came loose and fell over the worker a security guard that was opening it.	0.056530777364969254	0	4765
Training manager discovered a window ice scraper being used as a door stopper.	nonsif	Worker greasing gears in airport gate at night put head into gear door and was hit by door.	0.7215304970741272	0	7512
Both the CIMS Administrator and Director assumed all of the verification steps were completed.	nonsif	The gate of the entrance came loose and fell over the worker a security guard that was opening it.	0.057316094636917114	0	4765
Engineering Tech removed X ray tube from gantry and left it on rolling chair.	nonsif	The gate of the entrance came loose and fell over the worker a security guard that was opening it.	0.0595046728849411	0	4765
Vinscx CN Meter room used for storage.	nonsif	The gate of the entrance came loose and fell over the worker a security guard that was opening it.	0.05739651620388031	0	4765
Work related lost workday incident.	nonsif	The gate of the entrance came loose and fell over the worker a security guard that was opening it.	0.05770690739154816	0	4765
The Reader was observed with a large hole in their pants.	nonsif	The gate of the entrance came loose and fell over the worker a security guard that was opening it.	0.061143673956394196	0	4765
Brian Greenslade welded the handle back on.	nonsif	The gate of the entrance came loose and fell over the worker a security guard that was opening it.	0.06510963290929794	0	4765
The lid is large approx.	nonsif	The gate of the entrance came loose and fell over the worker a security guard that was opening it.	0.05600627139210701	0	4765
Reinforce EHS standards and policies to people.	nonsif	The gate of the entrance came loose and fell over the worker a security guard that was opening it.	0.057562533766031265	0	4765
was cleaning out a hole and cut finger on vanwas wearing gloves.	nonsif	The gate of the entrance came loose and fell over the worker a security guard that was opening it.	0.06038812920451164	0	4765
The Z cable went to SW at a cable terminal pole for kV circuit.	nonsif	The gate of the entrance came loose and fell over the worker a security guard that was opening it.	0.06305700540542603	0	4765
ROC reader had both boots untied after job brief.	nonsif	The gate of the entrance came loose and fell over the worker a security guard that was opening it.	0.05815115571022034	0	4765
Crew was drilling new hole for pole using rear lot cart.	nonsif	Worker installing heavy overhead door was hit when the door fell.	0.06080051511526108	0	1180
The OCC IDTs then went into action.	nonsif	The gate of the entrance came loose and fell over the worker a security guard that was opening it.	0.05697621405124664	0	4765
The employee removed a quick release inch snap clamp from the drill mud hose.	nonsif	Machine guarding was removed from the Houle Alley Scraper for maintenance and not reinstalled after servicing. Worker was caught in moving machinery and suffered mild injuries.	0.10344597697257996	0	4260
Reader Failed to Keep Eyes on Path.	nonsif	The gate of the entrance came loose and fell over the worker a security guard that was opening it.	0.058730583637952805	0	4765
There was no communication that there was a previous concern from the first crew.	nonsif	The gate of the entrance came loose and fell over the worker a security guard that was opening it.	0.05846957489848137	0	4765
A cover plate in the hallway extending to Pharmacy labortory came loose.	nonsif	Worker was riding on a freight elevator placed his head over the elevators gate before it stopped and was caught in a pinch point between the gate and the second floor.	0.11067558825016022	0	7340
Safety barrier is not installed aroung the ladder.	nonsif	Worker installing heavy overhead door was hit when the door fell.	0.07987838983535767	0	1180
The employee was wearing all required PPE when Supervisor arrived on the job site.	nonsif	The gate of the entrance came loose and fell over the worker a security guard that was opening it.	0.05657604709267616	0	4765
need exhaust fan for soldering on line.	nonsif	Worker was contracted to remove and install a new breaker that controlled a chipper. The disconnect was placed in the off position and the worker began disconnecting the I/O cable from the lugs inside the box when an arc flash occurred.	0.11885394155979156	0	4028
onset of lower back pain on Nov approx.	nonsif	The gate of the entrance came loose and fell over the worker a security guard that was opening it.	0.05608852952718735	0	4765
Contract Employees were working on hydraulic line.	nonsif	Machine guarding was removed from the Houle Alley Scraper for maintenance and not reinstalled after servicing. Worker was caught in moving machinery and suffered mild injuries.	0.10158224403858185	0	4260
There was no open wound and no further treatment was applied.	nonsif	The gate of the entrance came loose and fell over the worker a security guard that was opening it.	0.06110161915421486	0	4765
LIFTGATE SKIVE LEFT weeks and is still having pain left elbow.	nonsif	The gate of the entrance came loose and fell over the worker a security guard that was opening it.	0.061558764427900314	0	4765
pm went home due to the soreness in his back.	nonsif	The gate of the entrance came loose and fell over the worker a security guard that was opening it.	0.05689177289605141	0	4765
The nd push pin is broken so it takes extreme force to push in.	nonsif	The gate of the entrance came loose and fell over the worker a security guard that was opening it.	0.060414332896471024	0	4765
employee felt weak and fell to knees.	nonsif	Worker who was pushed by one of the customers fell and hit his head on the floor. He was taken off life support on 4/15/2010.	0.8753388524055481	0	7259
It is believed a small patch of water was present on the floor.	nonsif	The gate of the entrance came loose and fell over the worker a security guard that was opening it.	0.055661845952272415	0	4765
Crane was positioned within ft minimum clearance of center of track.	nonsif	The gate of the entrance came loose and fell over the worker a security guard that was opening it.	0.0573275126516819	0	4765
PPE good Mitigation tools used Environmental used.	nonsif	The gate of the entrance came loose and fell over the worker a security guard that was opening it.	0.05725143477320671	0	4765
Because of this nuisance alarm printing the staff had disabled the print function.	nonsif	The gate of the entrance came loose and fell over the worker a security guard that was opening it.	0.05833587795495987	0	4765
EE was working on Building Section A cleaning up stacking K shoring scaffold.	nonsif	The gate of the entrance came loose and fell over the worker a security guard that was opening it.	0.06016317754983902	0	4765
Brown insulator broke while opening KV CB disc.	nonsif	The gate of the entrance came loose and fell over the worker a security guard that was opening it.	0.06413602828979492	0	4765
EMPLOYEES HANDS BROKE OUT INTO A RASH.	nonsif	The gate of the entrance came loose and fell over the worker a security guard that was opening it.	0.0581606887280941	0	4765
when he swung his hammer he struck the tip of his left middle finger.	nonsif	Worker was hit by a 1500 pound bag of pigment that fell on him.	0.14593398571014404	0	1666
Next NHG crew had orders to complete the work.	nonsif	The gate of the entrance came loose and fell over the worker a security guard that was opening it.	0.05630268156528473	0	4765
ComEd Summer Readiness.	nonsif	The gate of the entrance came loose and fell over the worker a security guard that was opening it.	0.05972841754555702	0	4765
Grinding Camshaft Bearing Journals machining.	nonsif	The gate of the entrance came loose and fell over the worker a security guard that was opening it.	0.05715744197368622	0	4765
All tasks under the PM were removed and added to the new CM WO.	nonsif	The gate of the entrance came loose and fell over the worker a security guard that was opening it.	0.05746486410498619	0	4765
employee still has pain all over.	nonsif	The gate of the entrance came loose and fell over the worker a security guard that was opening it.	0.05484752729535103	0	4765
EE was reminded that all injuries must be reported.	nonsif	The gate of the entrance came loose and fell over the worker a security guard that was opening it.	0.05678559094667435	0	4765
His ankle was struck on the posterior lateral malleolus.	nonsif	The gate of the entrance came loose and fell over the worker a security guard that was opening it.	0.062317270785570145	0	4765
The employee looked and saw a hot raw glass bead protruding from his finger.	nonsif	The gate of the entrance came loose and fell over the worker a security guard that was opening it.	0.06063719093799591	0	4765
A crew never rotates to rivnuts.	nonsif	Worker installing heavy overhead door was hit when the door fell.	0.06937745213508606	0	1180
The FLS check the customer notes which dog was notated.	nonsif	The gate of the entrance came loose and fell over the worker a security guard that was opening it.	0.05914786458015442	0	4765
Recommended to the employee to maintain attention.	nonsif	The gate of the entrance came loose and fell over the worker a security guard that was opening it.	0.05599882826209068	0	4765
The truck was damaged on August.	nonsif	Fuel truck with trailer was offloading fuel when it exploded.	0.3119569420814514	0	708
Thats when witness walked over to check on injured employee.	nonsif	Worker was relieved from work on a Friday and was found injured in the crew quarters on Monday. Cause of injured undertemined.	0.0787602886557579	0	1096
Good Catch during review of CIMS Billing Adj.	nonsif	The gate of the entrance came loose and fell over the worker a security guard that was opening it.	0.057173602283000946	0	4765
Cones were set up around trucks and around the trailers.	nonsif	Worker was backing a truck into an inclined loading dock. He got out to check on the dock clearance and walked between the truck and the dock wall. The truck rolled back on him.	0.16823680698871613	0	7333
The pain in her lower back intensified and her lower neck began to hurt.	nonsif	The gate of the entrance came loose and fell over the worker a security guard that was opening it.	0.05843311920762062	0	4765
During a cleaning task.	nonsif	Decedent was unloading logs from truck in sawmill yard. While releasing straps one of the logs rolled onto the employee.	0.09490391612052917	0	1176
Bump hard hats are worn in this area at all times.	nonsif	The gate of the entrance came loose and fell over the worker a security guard that was opening it.	0.05680891498923302	0	4765
While walking through AP EE struck the lower section of a in.	nonsif	Worker installing heavy overhead door was hit when the door fell.	0.07888030260801315	0	1180
This created a safety hazard to passersby and the equipment needed repairs.	nonsif	Worker was a passenger on an electric motor cart not wearing his seat belt and was ejected from the vehicle when the driver lost control.	0.1339256912469864	0	595
During the lift he strained something in his back.	nonsif	Machine guarding was removed from the Houle Alley Scraper for maintenance and not reinstalled after servicing. Worker was caught in moving machinery and suffered mild injuries.	0.05739598721265793	0	4260
EE was welding a pipe of an accessory gear base.	nonsif	The gate of the entrance came loose and fell over the worker a security guard that was opening it.	0.06792744994163513	0	4765
Talk on eye safety basics.	nonsif	The gate of the entrance came loose and fell over the worker a security guard that was opening it.	0.05707869678735733	0	4765
dept Job station Supervisor Matthew Samotis.	nonsif	The gate of the entrance came loose and fell over the worker a security guard that was opening it.	0.05733425170183182	0	4765
Everyone was wearing their PPE and no one got hurt.	nonsif	The gate of the entrance came loose and fell over the worker a security guard that was opening it.	0.06199394166469574	0	4765
This LOTO audit was performed while crew was repairing a radial fault.	nonsif	The gate of the entrance came loose and fell over the worker a security guard that was opening it.	0.054003700613975525	0	4765
This lack of notification resulted in the misutilization of the Area Operating resources.	nonsif	The gate of the entrance came loose and fell over the worker a security guard that was opening it.	0.058513373136520386	0	4765
Crew Permit Times.	nonsif	The gate of the entrance came loose and fell over the worker a security guard that was opening it.	0.057201553136110306	0	4765
In the foundry area at machine there is a gas hose damaged.	nonsif	Machine guarding was removed from the Houle Alley Scraper for maintenance and not reinstalled after servicing. Worker was caught in moving machinery and suffered mild injuries.	0.07932602614164352	0	4260
EE has been hitting his knee on the brackets on his keyboard platform.	nonsif	The gate of the entrance came loose and fell over the worker a security guard that was opening it.	0.05725054442882538	0	4765
Employee was assiting another employee for surveying at consteel.	nonsif	The gate of the entrance came loose and fell over the worker a security guard that was opening it.	0.05709133297204971	0	4765
and vehicle s not parked mover foreword and no cones.	nonsif	A car being driven off of the exitend of the car wash conveyor to the drying area outside of the building accelerated suddenly hit the worker standing near the auto door to the outside.	0.4256533980369568	0	5263
Three trucks later.	nonsif	Three employees were hospitalized when their utility vehicle rolled over.	0.7568637132644653	0	2753
Due to this labor hours are charged to ITN.	nonsif	The gate of the entrance came loose and fell over the worker a security guard that was opening it.	0.057311080396175385	0	4765
EE was sent to clinic to see the nurse for an evaluation and treatment.	nonsif	The gate of the entrance came loose and fell over the worker a security guard that was opening it.	0.056935977190732956	0	4765
Employee was walking from the upper parking lot down to the lower parking.	nonsif	Two workers were doing road surveying each on either side of the road. A civilian driver came over the hill and suddenly applied his brakes even though no person equipment or car was in the road. This caused his car to spin off the road running over one of the workers.	0.8085693717002869	0	3814
The empoyee was pulling the ring that releases the dock leveler for dock door.	nonsif	The gate of the entrance came loose and fell over the worker a security guard that was opening it.	0.06974410265684128	0	4765
AND PRIVATE STREET LIGHTING.	nonsif	The gate of the entrance came loose and fell over the worker a security guard that was opening it.	0.058161504566669464	0	4765
Remove snow and ice.	nonsif	Firefighter slipped on ice and hit head	0.935642659664154	0	755
I went home and put a heating pad on my hand.	nonsif	The gate of the entrance came loose and fell over the worker a security guard that was opening it.	0.05768886208534241	0	4765
Provide metal container.	nonsif	The gate of the entrance came loose and fell over the worker a security guard that was opening it.	0.05604992434382439	0	4765
Bar slipped and sruck employee on right forearm causing bruise.	nonsif	The gate of the entrance came loose and fell over the worker a security guard that was opening it.	0.06124390661716461	0	4765
EHS followed up with EE.	nonsif	The gate of the entrance came loose and fell over the worker a security guard that was opening it.	0.05748448520898819	0	4765
Crew left job site better than found.	nonsif	The gate of the entrance came loose and fell over the worker a security guard that was opening it.	0.057778626680374146	0	4765
Handrails and shoring were robust and in line.	nonsif	The gate of the entrance came loose and fell over the worker a security guard that was opening it.	0.0565999299287796	0	4765
walking thru box build I stepped on a nail.	nonsif	The gate of the entrance came loose and fell over the worker a security guard that was opening it.	0.06085208058357239	0	4765
The employee had an ample space cushion from the vehicle in front.	nonsif	The gate of the entrance came loose and fell over the worker a security guard that was opening it.	0.057343609631061554	0	4765
Pinched R middle finger closed instrument door on finger.	nonsif	The gate of the entrance came loose and fell over the worker a security guard that was opening it.	0.06196778640151024	0	4765
Employee has slipped over in the restroom after the floor has been cleaned.	nonsif	Worker was walking down steps from a utility room when he slipped or tripped.	0.795043408870697	0	2293
This uneven step could cause someone to slip and fall in the stairs.	nonsif	Worker was walking down steps from a utility room when he slipped or tripped.	0.11391042917966843	0	2293
Pulled it up ran over head.	nonsif	The gate of the entrance came loose and fell over the worker a security guard that was opening it.	0.068383127450943	0	4765
Both of these conditions did occur on the reengineering of L at TSS Burnham.	nonsif	The gate of the entrance came loose and fell over the worker a security guard that was opening it.	0.05706809461116791	0	4765
Brakes are at the end of their useful life.	nonsif	The gate of the entrance came loose and fell over the worker a security guard that was opening it.	0.05871583893895149	0	4765
Also lifts totes out of van and stacks them on an empty skid.	nonsif	Victim was driving a skid steer loader from a dumpster suspended by a crane at the 7th floor level of a building being demolished. He put the loader into reverse causing the suspended dumpster to swing away from the building which resulted in the skid steer loader being thrown from the dumpster falling to the ground below.	0.35634487867355347	0	7440
Card board container placed in both probe ESD area and emergency exit route.	nonsif	The gate of the entrance came loose and fell over the worker a security guard that was opening it.	0.05862212926149368	0	4765
However the parts reserved for this work were not like for like.	nonsif	The gate of the entrance came loose and fell over the worker a security guard that was opening it.	0.05789371207356453	0	4765
Steel went through and burnt left hand.	nonsif	The gate of the entrance came loose and fell over the worker a security guard that was opening it.	0.06637124717235565	0	4765
No other meals eaten that day.	nonsif	The gate of the entrance came loose and fell over the worker a security guard that was opening it.	0.062139131128787994	0	4765
The annual inspection certificate for the both hoists enclosure and shop.	nonsif	The gate of the entrance came loose and fell over the worker a security guard that was opening it.	0.057900622487068176	0	4765
Replaced the tool bag.	nonsif	The gate of the entrance came loose and fell over the worker a security guard that was opening it.	0.05688369274139404	0	4765
In doing so I felt a pop in my shoulder.	nonsif	The gate of the entrance came loose and fell over the worker a security guard that was opening it.	0.057070594280958176	0	4765
Flickering Lights AA.	nonsif	The gate of the entrance came loose and fell over the worker a security guard that was opening it.	0.060084354132413864	0	4765
Discuss how to prevent in future.	nonsif	The gate of the entrance came loose and fell over the worker a security guard that was opening it.	0.05697513744235039	0	4765
Found air hose ran across deck TEXAS Pulled it up ran over head.	nonsif	The gate of the entrance came loose and fell over the worker a security guard that was opening it.	0.06561457365751266	0	4765
Crew Noticed Potential Strain on Isolation Point Switch.	nonsif	The gate of the entrance came loose and fell over the worker a security guard that was opening it.	0.05715210735797882	0	4765
Description of incident varied from the truck driver and the injured employee.	nonsif	Tow truck operator was mild hit when a vehicle was shifted from park into neutral.	0.9735777378082275	0	3575
This is almost pure sulfuric acid.	nonsif	Worker was using a toga crane hoist. Worker inhaled a chemical ammonia that was leaking by the cooling tower.	0.2004016488790512	0	4592
Steady leak of clean water from men s urinal.	nonsif	The gate of the entrance came loose and fell over the worker a security guard that was opening it.	0.05799393355846405	0	4765
I hurt my left wrist putting away several heavy parts.	nonsif	The gate of the entrance came loose and fell over the worker a security guard that was opening it.	0.0600963830947876	0	4765
Bigger engine bottom snag holder causing hydraulic shift to be stronger than usual.	nonsif	The gate of the entrance came loose and fell over the worker a security guard that was opening it.	0.062230419367551804	0	4765
drums with steamate na packaging.	nonsif	The gate of the entrance came loose and fell over the worker a security guard that was opening it.	0.057758133858442307	0	4765
Employee was changing the die board on the die press.	nonsif	The gate of the entrance came loose and fell over the worker a security guard that was opening it.	0.05651935935020447	0	4765
Container generated V meter away from container.	nonsif	The gate of the entrance came loose and fell over the worker a security guard that was opening it.	0.060878362506628036	0	4765
Night time first responders responded to the incident and patched him up.	nonsif	The gate of the entrance came loose and fell over the worker a security guard that was opening it.	0.057392340153455734	0	4765
he also has amputation of ld at distal joint which happened yrs ago.	nonsif	The gate of the entrance came loose and fell over the worker a security guard that was opening it.	0.05824949964880943	0	4765
Communicate the incident corrective actions to other GE sites.	nonsif	The gate of the entrance came loose and fell over the worker a security guard that was opening it.	0.05677584186196327	0	4765
States he also must torque down an antenna which is added element to job.	nonsif	The gate of the entrance came loose and fell over the worker a security guard that was opening it.	0.058890752494335175	0	4765
One of the things being talked about it getting a sit down truck.	nonsif	Worker was backing a truck into an inclined loading dock. He got out to check on the dock clearance and walked between the truck and the dock wall. The truck rolled back on him.	0.13159114122390747	0	7333
Cleaning the dovetails using a wire wheel blending.	nonsif	The gate of the entrance came loose and fell over the worker a security guard that was opening it.	0.06088187173008919	0	4765
Must reach overhead and apply force to plug and clamp parts.	nonsif	The gate of the entrance came loose and fell over the worker a security guard that was opening it.	0.05795424431562424	0	4765
He drove pass the marker he was looking for in the ditch.	nonsif	Decedent was driving a log truck uphill to pick up a load of logs. The truck left the road and went 200 feet down a hill. Decedent was thrown for the truck.	0.22425967454910278	0	1022
Employee could not have prevented accident.	nonsif	The gate of the entrance came loose and fell over the worker a security guard that was opening it.	0.07213523238897324	0	4765
Tool Room Door Left Unsecured.	nonsif	The gate of the entrance came loose and fell over the worker a security guard that was opening it.	0.06182722747325897	0	4765
During day when sleeping noticed arm felt like it went to sleep.	nonsif	The gate of the entrance came loose and fell over the worker a security guard that was opening it.	0.06025255098938942	0	4765
Employee was pushing a cart with an AGV battery.	nonsif	The gate of the entrance came loose and fell over the worker a security guard that was opening it.	0.05672039836645126	0	4765
The outfall lost power and was shut down.	nonsif	Worker installing heavy overhead door was hit when the door fell.	0.07509687542915344	0	1180
His transfer pump packing was insufficient.	nonsif	The gate of the entrance came loose and fell over the worker a security guard that was opening it.	0.05836948752403259	0	4765
I did not see any opportunities for improvement.	nonsif	The gate of the entrance came loose and fell over the worker a security guard that was opening it.	0.06145046278834343	0	4765
employee s hand struck by top close clamp.	nonsif	The gate of the entrance came loose and fell over the worker a security guard that was opening it.	0.06341712176799774	0	4765
S EE enters medical with laceration to L Leg Shin.	nonsif	The gate of the entrance came loose and fell over the worker a security guard that was opening it.	0.05739731341600418	0	4765
IP strained back lifting carboy.	nonsif	The gate of the entrance came loose and fell over the worker a security guard that was opening it.	0.06040092557668686	0	4765
Worker was near edge without fall protection.	nonsif	Employee mild hit when a piece of formwork he was constructing fell on him.	0.3063458502292633	0	2929
Ensure improved sanding at the edges of the driveway.	nonsif	The gate of the entrance came loose and fell over the worker a security guard that was opening it.	0.06242658942937851	0	4765
Develop new tool to tighten and loosen chuck Brian Mezera.	nonsif	The gate of the entrance came loose and fell over the worker a security guard that was opening it.	0.05966092646121979	0	4765
Minor cut to left elbow.	nonsif	The gate of the entrance came loose and fell over the worker a security guard that was opening it.	0.05910342186689377	0	4765
Back hoe Operator was digging out discharge flange on the A Pit Pump.	nonsif	The gate of the entrance came loose and fell over the worker a security guard that was opening it.	0.057415951043367386	0	4765
The VISTA control files and full historical logs were pulled from DC VISTA.	nonsif	The gate of the entrance came loose and fell over the worker a security guard that was opening it.	0.05773048847913742	0	4765
Crew had spill response kit first aid kit and burn gel kit readily available.	nonsif	The gate of the entrance came loose and fell over the worker a security guard that was opening it.	0.056949783116579056	0	4765
Crew leader from Nash approached with job brief.	nonsif	The gate of the entrance came loose and fell over the worker a security guard that was opening it.	0.05819377675652504	0	4765
Expired diphen tablet.	nonsif	The gate of the entrance came loose and fell over the worker a security guard that was opening it.	0.06053507328033447	0	4765
While reassembling Bearing No of Steam Turbine D at LP side.	nonsif	The gate of the entrance came loose and fell over the worker a security guard that was opening it.	0.06342599540948868	0	4765
I M NOT SURE IF I BLACKED OUT.	nonsif	The gate of the entrance came loose and fell over the worker a security guard that was opening it.	0.0649896115064621	0	4765
The IP was travelling on business in India.	nonsif	The gate of the entrance came loose and fell over the worker a security guard that was opening it.	0.057416342198848724	0	4765
There were no injuries sustained in this incident.	nonsif	The gate of the entrance came loose and fell over the worker a security guard that was opening it.	0.0600341334939003	0	4765
EE said he was using the chopsaw and it made smoke.	nonsif	The gate of the entrance came loose and fell over the worker a security guard that was opening it.	0.05785875767469406	0	4765
The rolls weighed lbs.	nonsif	The gate of the entrance came loose and fell over the worker a security guard that was opening it.	0.058322805911302567	0	4765
Contractor employee was using torch to burn ditching metal while installing new floor ditch.	nonsif	Worker installing heavy overhead door was hit when the door fell.	0.09212718904018402	0	1180
There s also a Lab Safety Hg Absorb container with some mercury in it.	nonsif	The gate of the entrance came loose and fell over the worker a security guard that was opening it.	0.05698234215378761	0	4765
This equipment was removed by the entrant moments before exiting the manhole.	nonsif	Worker installing heavy overhead door was hit when the door fell.	0.07800208777189255	0	1180
They then refilled the oil to its proper level.	nonsif	The gate of the entrance came loose and fell over the worker a security guard that was opening it.	0.05635783448815346	0	4765
BAPP Broken Insulators.	nonsif	The gate of the entrance came loose and fell over the worker a security guard that was opening it.	0.05973796173930168	0	4765
STR had the rejection tag on from the Osmose inspection.	nonsif	The gate of the entrance came loose and fell over the worker a security guard that was opening it.	0.05717601627111435	0	4765
has the potential for a tripping hazard.	nonsif	The gate of the entrance came loose and fell over the worker a security guard that was opening it.	0.05651004984974861	0	4765
CPR expired items dating back to April May.	nonsif	The gate of the entrance came loose and fell over the worker a security guard that was opening it.	0.05823679268360138	0	4765
TDC Oldest DSOC in South Region.	nonsif	The gate of the entrance came loose and fell over the worker a security guard that was opening it.	0.058729641139507294	0	4765
EE states I had a splinter go thru my right glove.	nonsif	The gate of the entrance came loose and fell over the worker a security guard that was opening it.	0.057952381670475006	0	4765
The employee was given direction to follow up on.	nonsif	The gate of the entrance came loose and fell over the worker a security guard that was opening it.	0.056168731302022934	0	4765
Water spilled to the floor making a slippery surface.	nonsif	Worker slipped and fell injuring her ankle that aggravated a preexisting condition of varicose veins in her leg.	0.1271362602710724	0	637
En marchant sur la ligne lemploy a ressenti une douleur dans le pied gauche.	nonsif	Worker installing heavy overhead door was hit when the door fell.	0.08438283950090408	0	1180
Difficulty in measuring the filament resistance inside the HV wellsNeed lengthier multimeter probes.	nonsif	The gate of the entrance came loose and fell over the worker a security guard that was opening it.	0.058364614844322205	0	4765
While checking the area east of the east washer trommel screens.	nonsif	The gate of the entrance came loose and fell over the worker a security guard that was opening it.	0.05667777732014656	0	4765
HOUSEKEEPING Enhanced Audit I performed this audit on.	nonsif	The gate of the entrance came loose and fell over the worker a security guard that was opening it.	0.05743277445435524	0	4765
It put a major strain on my left shoulder in the back.	nonsif	The gate of the entrance came loose and fell over the worker a security guard that was opening it.	0.059302713721990585	0	4765
The employee was evaluated by OHS and released to full duty.	nonsif	The gate of the entrance came loose and fell over the worker a security guard that was opening it.	0.05736264958977699	0	4765
Flooring at door has a metal treadel at the edge.	nonsif	Worker installing heavy overhead door was hit when the door fell.	0.09711811691522598	0	1180
Good three part communication was used.	nonsif	The gate of the entrance came loose and fell over the worker a security guard that was opening it.	0.05918232724070549	0	4765
EE states notices pain in left neck and back of head during last brake.	nonsif	The gate of the entrance came loose and fell over the worker a security guard that was opening it.	0.05796358361840248	0	4765
The Ironworker was cutting a PT cable that was too long.	nonsif	Worker was contracted to remove and install a new breaker that controlled a chipper. The disconnect was placed in the off position and the worker began disconnecting the I/O cable from the lugs inside the box when an arc flash occurred.	0.21201926469802856	0	4028
Adams building out the assembly operations.	nonsif	The gate of the entrance came loose and fell over the worker a security guard that was opening it.	0.05775696039199829	0	4765
Lines saturated with water.	nonsif	The gate of the entrance came loose and fell over the worker a security guard that was opening it.	0.05676747113466263	0	4765
He says he had pulled or rolls when his elbow began to hurt.	nonsif	The gate of the entrance came loose and fell over the worker a security guard that was opening it.	0.058591052889823914	0	4765
C was blocked by the DOLLY transverse bars.	nonsif	The gate of the entrance came loose and fell over the worker a security guard that was opening it.	0.06257355213165283	0	4765
Started the frame up and glass went everywhere.	nonsif	The gate of the entrance came loose and fell over the worker a security guard that was opening it.	0.05789020657539368	0	4765
Burning numbness and pain.	nonsif	The gate of the entrance came loose and fell over the worker a security guard that was opening it.	0.06322110444307327	0	4765
The bracket holds the back cover on.	nonsif	The gate of the entrance came loose and fell over the worker a security guard that was opening it.	0.056054841727018356	0	4765
Maywood MR Open Fitting.	nonsif	The gate of the entrance came loose and fell over the worker a security guard that was opening it.	0.057661283761262894	0	4765
Herald CaliforniaLocation of Observance GT Turbine DeckObservation.	nonsif	The gate of the entrance came loose and fell over the worker a security guard that was opening it.	0.05790368467569351	0	4765
The observed situation indicates that the contractors were working on a.	nonsif	The gate of the entrance came loose and fell over the worker a security guard that was opening it.	0.056491509079933167	0	4765
The employee was in close proximity to the terminal blocks.	nonsif	The gate of the entrance came loose and fell over the worker a security guard that was opening it.	0.05780578777194023	0	4765
DA pole rip design discrepancy PD R.	nonsif	The gate of the entrance came loose and fell over the worker a security guard that was opening it.	0.0575534887611866	0	4765
JOb team leader.	nonsif	The gate of the entrance came loose and fell over the worker a security guard that was opening it.	0.0583481639623642	0	4765
Employees were tasked with changing out the paddles on the C Log washer.	nonsif	The gate of the entrance came loose and fell over the worker a security guard that was opening it.	0.057185061275959015	0	4765
WHERE DOES IT GO AND WHO IS RESPONSIBLE FOR INSTALLING.	nonsif	The gate of the entrance came loose and fell over the worker a security guard that was opening it.	0.057970114052295685	0	4765
His doctor suggested that his condition is work related.	nonsif	The gate of the entrance came loose and fell over the worker a security guard that was opening it.	0.05725863203406334	0	4765
Kept working on site for another hours.	nonsif	The gate of the entrance came loose and fell over the worker a security guard that was opening it.	0.057711053639650345	0	4765
This could have locked out the KV line and I could have been injured.	nonsif	The gate of the entrance came loose and fell over the worker a security guard that was opening it.	0.05753815174102783	0	4765
then a regular ticket on the will also be received.	nonsif	The gate of the entrance came loose and fell over the worker a security guard that was opening it.	0.05604885146021843	0	4765
HIS RIGHT KNEE STRUCK THE GROUND BEFORE HE REGAINED HIS BALANCE.	nonsif	The gate of the entrance came loose and fell over the worker a security guard that was opening it.	0.057284269481897354	0	4765
The crew potholed to confirm bore head is where it should be.	nonsif	The gate of the entrance came loose and fell over the worker a security guard that was opening it.	0.05742081254720688	0	4765
The auto doff proceeded to go to home.	nonsif	The gate of the entrance came loose and fell over the worker a security guard that was opening it.	0.06447391211986542	0	4765
Employee fell into unguarded flash cooler seal tank overflow weir.	nonsif	Worker fell in underground pit tank where there were recirculating pumps.	0.8596605658531189	0	3268
Fire Door Blocked Open.	nonsif	Worker installing heavy overhead door was hit when the door fell.	0.15224632620811462	0	1180
Right side of back hurts now too.	nonsif	The gate of the entrance came loose and fell over the worker a security guard that was opening it.	0.05554942041635513	0	4765
I opened the car door to put tape inside the doors.	nonsif	The gate of the entrance came loose and fell over the worker a security guard that was opening it.	0.06475494056940079	0	4765
Upon hitting the snow bank EE struck the drivers side door with his shoulder.	nonsif	The gate of the entrance came loose and fell over the worker a security guard that was opening it.	0.06261498481035233	0	4765
Container to be send back for repair works.	nonsif	The gate of the entrance came loose and fell over the worker a security guard that was opening it.	0.05525103211402893	0	4765
The tape did not stick and caise asphalt to build up on tape.	nonsif	The gate of the entrance came loose and fell over the worker a security guard that was opening it.	0.059778496623039246	0	4765
EE was asked about treatment but did nt feel it was necessary.	nonsif	The gate of the entrance came loose and fell over the worker a security guard that was opening it.	0.05895531550049782	0	4765
The person could feel a slight sensation on the front of that leg afterwards.	nonsif	The gate of the entrance came loose and fell over the worker a security guard that was opening it.	0.05554676800966263	0	4765
Unfortunately crew hit an unmarked cable.	nonsif	Worker installing heavy overhead door was hit when the door fell.	0.0845261886715889	0	1180
One crew member had a leather glove that was splitting along the seam.	nonsif	The gate of the entrance came loose and fell over the worker a security guard that was opening it.	0.06384735554456711	0	4765
Desk chair pan flattened out and caused tail bone pain.	nonsif	The gate of the entrance came loose and fell over the worker a security guard that was opening it.	0.05967913568019867	0	4765
Began to feel pain in wrist back shoulders and stomach.	nonsif	The gate of the entrance came loose and fell over the worker a security guard that was opening it.	0.057400550693273544	0	4765
He was taking the machine for cleaning and repairs.	nonsif	The gate of the entrance came loose and fell over the worker a security guard that was opening it.	0.057534925639629364	0	4765
I was installing seatbelts and the gun hit my left hand.	nonsif	The gate of the entrance came loose and fell over the worker a security guard that was opening it.	0.13085924088954926	0	4765
So i had to go in to check the existing room.	nonsif	The gate of the entrance came loose and fell over the worker a security guard that was opening it.	0.05731773376464844	0	4765
The dog did not make contact with the reader or the umbrella.	nonsif	The gate of the entrance came loose and fell over the worker a security guard that was opening it.	0.0692339837551117	0	4765
See injury illness report for details.	nonsif	The gate of the entrance came loose and fell over the worker a security guard that was opening it.	0.05698999762535095	0	4765
The customers lawn service crew started to cut or maintenance the grass.	nonsif	Decedent was unloading logs from truck in sawmill yard. While releasing straps one of the logs rolled onto the employee.	0.21527476608753204	0	1176
At approximately hrs dispatch notified MJ InfraSource crews of the outage.	nonsif	The gate of the entrance came loose and fell over the worker a security guard that was opening it.	0.05762583389878273	0	4765
This is a tripping hazard.	nonsif	The gate of the entrance came loose and fell over the worker a security guard that was opening it.	0.059072673320770264	0	4765
PAs spend most of their time at this operation.	nonsif	The gate of the entrance came loose and fell over the worker a security guard that was opening it.	0.05678969994187355	0	4765
Also when the top is flipped closed there are pitch points on the latches.	nonsif	The gate of the entrance came loose and fell over the worker a security guard that was opening it.	0.05970607325434685	0	4765
On Thursday they filed a incident report with the hospital.	nonsif	The gate of the entrance came loose and fell over the worker a security guard that was opening it.	0.06238832697272301	0	4765
He backed up to correct the issue and then reentered the aisle.	nonsif	The gate of the entrance came loose and fell over the worker a security guard that was opening it.	0.05744236707687378	0	4765
With the three bags walked one block to the Lyft location.	nonsif	The gate of the entrance came loose and fell over the worker a security guard that was opening it.	0.06513740867376328	0	4765
Weight approx lbs.	nonsif	The gate of the entrance came loose and fell over the worker a security guard that was opening it.	0.056014854460954666	0	4765
